City,ProvinceAbbreviation,ProvinceFullName
Airdrie,AB,Alberta
Alberta Beach,AB,Alberta
Athabasca,AB,Alberta
Banff,AB,Alberta
Barrhead,AB,Alberta
Bassano,AB,Alberta
Beaumont,AB,Alberta
Beaverlodge,AB,Alberta
Bentley,AB,Alberta
Black Diamond,AB,Alberta
Blackfalds,AB,Alberta
Bon Accord,AB,Alberta
Bonnyville,AB,Alberta
Bow Island,AB,Alberta
Bowden,AB,Alberta
Brooks,AB,Alberta
Bruederheim,AB,Alberta
Calgary,AB,Alberta
Calmar,AB,Alberta
Camrose,AB,Alberta
Canmore,AB,Alberta
Cardston,AB,Alberta
Carstairs,AB,Alberta
Chestermere,AB,Alberta
Claresholm,AB,Alberta
Coaldale,AB,Alberta
Coalhurst,AB,Alberta
Cochrane,AB,Alberta
Cold Lake,AB,Alberta
Crossfield,AB,Alberta
Crowsnest Pass,AB,Alberta
Devon,AB,Alberta
Didsbury,AB,Alberta
Drayton Valley,AB,Alberta
Drumheller,AB,Alberta
Duchess,AB,Alberta
Eckville,AB,Alberta
Edmonton,AB,Alberta
Edson,AB,Alberta
Elk Point,AB,Alberta
Falher,AB,Alberta
Fort Macleod,AB,Alberta
Fort Saskatchewan,AB,Alberta
Fox Creek,AB,Alberta
Gibbons,AB,Alberta
Grande Cache,AB,Alberta
Grande Prairie,AB,Alberta
Grimshaw,AB,Alberta
Hanna,AB,Alberta
High Level,AB,Alberta
High Prairie,AB,Alberta
High River,AB,Alberta
Hinton,AB,Alberta
Innisfail,AB,Alberta
Irricana,AB,Alberta
Jasper,AB,Alberta
Lacombe,AB,Alberta
Lamont,AB,Alberta
Leduc,AB,Alberta
Legal,AB,Alberta
Lethbridge,AB,Alberta
Lloydminster,AB,Alberta
Magrath,AB,Alberta
Manning,AB,Alberta
Mayerthorpe,AB,Alberta
Medicine Hat,AB,Alberta
Millet,AB,Alberta
Morinville,AB,Alberta
Nanton,AB,Alberta
Nobleford,AB,Alberta
Okotoks,AB,Alberta
Olds,AB,Alberta
Onoway,AB,Alberta
Oyen,AB,Alberta
Peace River,AB,Alberta
Penhold,AB,Alberta
Picture Butte,AB,Alberta
Pincher Creek,AB,Alberta
Ponoka,AB,Alberta
Provost,AB,Alberta
Raymond,AB,Alberta
Red Deer,AB,Alberta
Redcliff,AB,Alberta
Redwater,AB,Alberta
Rimbey,AB,Alberta
Rocky Mountain House,AB,Alberta
Sexsmith,AB,Alberta
Slave Lake,AB,Alberta
Springbrook,AB,Alberta
Spruce Grove,AB,Alberta
St. Albert,AB,Alberta
St. Paul,AB,Alberta
Stettler,AB,Alberta
Stony Plain,AB,Alberta
Strathmore,AB,Alberta
Sundre,AB,Alberta
Swan Hills,AB,Alberta
Sylvan Lake,AB,Alberta
Taber,AB,Alberta
Three Hills,AB,Alberta
Tofield,AB,Alberta
Trochu,AB,Alberta
Turner Valley,AB,Alberta
Two Hills,AB,Alberta
Valleyview,AB,Alberta
Vauxhall,AB,Alberta
Vegreville,AB,Alberta
Vermilion,AB,Alberta
Viking,AB,Alberta
Vulcan,AB,Alberta
Wabasca,AB,Alberta
Wainwright,AB,Alberta
Wembley,AB,Alberta
Westlock,AB,Alberta
Wetaskiwin,AB,Alberta
Whitecourt,AB,Alberta
Wood Buffalo,AB,Alberta
Abbotsford,BC,British Columbia
Anmore,BC,British Columbia
Armstrong,BC,British Columbia
Ashcroft,BC,British Columbia
Barriere,BC,British Columbia
Bowen Island,BC,British Columbia
Burnaby,BC,British Columbia
Burns Lake,BC,British Columbia
Campbell River,BC,British Columbia
Castlegar,BC,British Columbia
Cedar,BC,British Columbia
Central Saanich,BC,British Columbia
Chase,BC,British Columbia
Chetwynd,BC,British Columbia
Chilliwack,BC,British Columbia
Clearwater,BC,British Columbia
Coldstream,BC,British Columbia
Colwood,BC,British Columbia
Comox,BC,British Columbia
Coombs,BC,British Columbia
Coquitlam,BC,British Columbia
Courtenay,BC,British Columbia
Cowichan Bay,BC,British Columbia
Cranbrook,BC,British Columbia
Creston,BC,British Columbia
Cumberland,BC,British Columbia
Dawson Creek,BC,British Columbia
Delta,BC,British Columbia
Duncan,BC,British Columbia
Dunsmuir,BC,British Columbia
East Kelowna,BC,British Columbia
Elkford,BC,British Columbia
Ellison,BC,British Columbia
Enderby,BC,British Columbia
Errington,BC,British Columbia
Esquimalt,BC,British Columbia
Fernie,BC,British Columbia
Fort St. James,BC,British Columbia
Fort St. John,BC,British Columbia
Fruitvale,BC,British Columbia
Gibsons,BC,British Columbia
Gold River,BC,British Columbia
Golden,BC,British Columbia
Grand Forks,BC,British Columbia
Grindrod,BC,British Columbia
Harrison Hot Springs,BC,British Columbia
Highlands,BC,British Columbia
Hilliers,BC,British Columbia
Hope,BC,British Columbia
Houston,BC,British Columbia
Hudson Hope,BC,British Columbia
Invermere,BC,British Columbia
Kaleden,BC,British Columbia
Kamloops,BC,British Columbia
Kelowna,BC,British Columbia
Kent,BC,British Columbia
Keremeos,BC,British Columbia
Kimberley,BC,British Columbia
Kitimat,BC,British Columbia
Ladysmith,BC,British Columbia
Lake Country,BC,British Columbia
Lake Cowichan,BC,British Columbia
Lakeview,BC,British Columbia
Langford Station,BC,British Columbia
Langley,BC,British Columbia
Lillooet,BC,British Columbia
Lions Bay,BC,British Columbia
Logan Lake,BC,British Columbia
Lumby,BC,British Columbia
Mackenzie,BC,British Columbia
Maple Ridge,BC,British Columbia
Merritt,BC,British Columbia
Metchosin,BC,British Columbia
Mission,BC,British Columbia
Nakusp,BC,British Columbia
Nanaimo,BC,British Columbia
Naramata,BC,British Columbia
Nelson,BC,British Columbia
New Westminster,BC,British Columbia
Nisga'a,BC,British Columbia
North Cowichan,BC,British Columbia
North Saanich,BC,British Columbia
North Vancouver,BC,British Columbia
Northern Rockies,BC,British Columbia
Oak Bay,BC,British Columbia
Oliver,BC,British Columbia
One Hundred Mile House,BC,British Columbia
Ootischenia,BC,British Columbia
Osoyoos,BC,British Columbia
Parksville,BC,British Columbia
Peachland,BC,British Columbia
Pemberton,BC,British Columbia
Penticton,BC,British Columbia
Pitt Meadows,BC,British Columbia
Popkum,BC,British Columbia
Port Alberni,BC,British Columbia
Port Coquitlam,BC,British Columbia
Port Hardy,BC,British Columbia
Port McNeill,BC,British Columbia
Port Moody,BC,British Columbia
Powell River,BC,British Columbia
Prince George,BC,British Columbia
Prince Rupert,BC,British Columbia
Princeton,BC,British Columbia
Qualicum Beach,BC,British Columbia
Quesnel,BC,British Columbia
Richmond,BC,British Columbia
Rossland,BC,British Columbia
Royston,BC,British Columbia
Saanich,BC,British Columbia
Salmo,BC,British Columbia
Salmon Arm,BC,British Columbia
Saltair,BC,British Columbia
Sechelt,BC,British Columbia
Sicamous,BC,British Columbia
Sidney,BC,British Columbia
Smithers,BC,British Columbia
Sooke,BC,British Columbia
Sorrento,BC,British Columbia
Spallumcheen,BC,British Columbia
Sparwood,BC,British Columbia
Squamish,BC,British Columbia
Summerland,BC,British Columbia
Surrey,BC,British Columbia
Taylor,BC,British Columbia
Telkwa,BC,British Columbia
Terrace,BC,British Columbia
Tofino,BC,British Columbia
Trail,BC,British Columbia
Tumbler Ridge,BC,British Columbia
Ucluelet,BC,British Columbia
Valemount,BC,British Columbia
Vancouver,BC,British Columbia
Vanderhoof,BC,British Columbia
Vernon,BC,British Columbia
Victoria,BC,British Columbia
View Royal,BC,British Columbia
Warfield,BC,British Columbia
West Vancouver,BC,British Columbia
Westbank,BC,British Columbia
Whistler,BC,British Columbia
White Rock,BC,British Columbia
Williams Lake,BC,British Columbia
Windermere,BC,British Columbia
Youbou,BC,British Columbia
Alexander,MB,Manitoba
Alonsa,MB,Manitoba
Altona,MB,Manitoba
Arborg,MB,Manitoba
Argyle,MB,Manitoba
Armstrong,MB,Manitoba
Beausejour,MB,Manitoba
Bifrost-Riverton,MB,Manitoba
Blumenort,MB,Manitoba
Boissevain,MB,Manitoba
Brandon,MB,Manitoba
Brenda-Waskada,MB,Manitoba
Brokenhead,MB,Manitoba
Carberry,MB,Manitoba
Carman,MB,Manitoba
Cartier,MB,Manitoba
Cartwright-Roblin,MB,Manitoba
Clanwilliam-Erickson,MB,Manitoba
Coldwell,MB,Manitoba
Cornwallis,MB,Manitoba
Dauphin,MB,Manitoba
De Salaberry,MB,Manitoba
Deloraine-Winchester,MB,Manitoba
Dufferin,MB,Manitoba
East St. Paul,MB,Manitoba
Ellice-Archie,MB,Manitoba
Elton,MB,Manitoba
Emerson-Franklin,MB,Manitoba
Ethelbert,MB,Manitoba
Fisher,MB,Manitoba
Flin Flon (Part),MB,Manitoba
Gilbert Plains,MB,Manitoba
Gillam,MB,Manitoba
Gimli,MB,Manitoba
Glenboro-South Cypress,MB,Manitoba
Glenella-Lansdowne,MB,Manitoba
Grahamdale,MB,Manitoba
Grand View,MB,Manitoba
Grassland,MB,Manitoba
Grey,MB,Manitoba
Grunthal,MB,Manitoba
Hamiota,MB,Manitoba
Hanover,MB,Manitoba
Harrison Park,MB,Manitoba
Headingley,MB,Manitoba
Hillsburg-Roblin-Shell River,MB,Manitoba
Kelsey,MB,Manitoba
Killarney - Turtle Mountain,MB,Manitoba
La Broquerie,MB,Manitoba
Lac du Bonnet,MB,Manitoba
Lakeshore,MB,Manitoba
Landmark,MB,Manitoba
Lorette,MB,Manitoba
Lorne,MB,Manitoba
Louise,MB,Manitoba
Macdonald,MB,Manitoba
McCreary,MB,Manitoba
Melita,MB,Manitoba
Minitonas-Bowsman,MB,Manitoba
Minnedosa,MB,Manitoba
Minto-Odanah,MB,Manitoba
Mitchell,MB,Manitoba
Montcalm,MB,Manitoba
Morden,MB,Manitoba
Morris,MB,Manitoba
Mossey River,MB,Manitoba
Neepawa,MB,Manitoba
Niverville,MB,Manitoba
Norfolk-Treherne,MB,Manitoba
North Cypress-Langford,MB,Manitoba
North Norfolk,MB,Manitoba
Oakland-Wawanesa,MB,Manitoba
Oakview,MB,Manitoba
Pembina,MB,Manitoba
Pinawa,MB,Manitoba
Piney,MB,Manitoba
Pipestone,MB,Manitoba
Portage La Prairie,MB,Manitoba
Powerview-Pine Falls,MB,Manitoba
Prairie Lakes,MB,Manitoba
Prairie View,MB,Manitoba
Reinland,MB,Manitoba
Reynolds,MB,Manitoba
Riding Mountain West,MB,Manitoba
Ritchot,MB,Manitoba
Riverdale,MB,Manitoba
Rockwood,MB,Manitoba
Roland,MB,Manitoba
Rosedale,MB,Manitoba
Rossburn,MB,Manitoba
Rosser,MB,Manitoba
Russell-Binscarth,MB,Manitoba
Selkirk,MB,Manitoba
Sifton,MB,Manitoba
Souris-Glenwood,MB,Manitoba
Springfield,MB,Manitoba
St. Andrews,MB,Manitoba
St. Clements,MB,Manitoba
St. Francois Xavier,MB,Manitoba
St. Laurent,MB,Manitoba
Stanley,MB,Manitoba
Ste. Anne,MB,Manitoba
Ste. Rose,MB,Manitoba
Steinbach,MB,Manitoba
Stonewall,MB,Manitoba
St-Pierre-Jolys,MB,Manitoba
Stuartburn,MB,Manitoba
Swan River,MB,Manitoba
Swan Valley West,MB,Manitoba
Tache,MB,Manitoba
Teulon,MB,Manitoba
The Pas,MB,Manitoba
Thompson,MB,Manitoba
Two Borders,MB,Manitoba
Victoria,MB,Manitoba
Virden,MB,Manitoba
Wallace-Woodworth,MB,Manitoba
Wasagamack,MB,Manitoba
West Interlake,MB,Manitoba
West St. Paul,MB,Manitoba
WestLake-Gladstone,MB,Manitoba
Whitehead,MB,Manitoba
Winkler,MB,Manitoba
Winnipeg,MB,Manitoba
Winnipeg Beach,MB,Manitoba
Woodlands,MB,Manitoba
Yellowhead,MB,Manitoba
Allardville,NB,New Brunswick
Alnwick,NB,New Brunswick
Atholville,NB,New Brunswick
Balmoral,NB,New Brunswick
Bas Caraquet,NB,New Brunswick
Bathurst,NB,New Brunswick
Beaubassin East / Beaubassin-est,NB,New Brunswick
Belledune,NB,New Brunswick
Beresford,NB,New Brunswick
Bertrand,NB,New Brunswick
Botsford,NB,New Brunswick
Bright,NB,New Brunswick
Brighton,NB,New Brunswick
Buctouche,NB,New Brunswick
Burton,NB,New Brunswick
Campbellton,NB,New Brunswick
Cap Pele,NB,New Brunswick
Caraquet,NB,New Brunswick
Cardwell,NB,New Brunswick
Charlo,NB,New Brunswick
Chipman,NB,New Brunswick
Cocagne,NB,New Brunswick
Coverdale,NB,New Brunswick
Dalhousie,NB,New Brunswick
Denmark,NB,New Brunswick
Dieppe,NB,New Brunswick
Dorchester,NB,New Brunswick
Douglas,NB,New Brunswick
Dundas,NB,New Brunswick
Durham,NB,New Brunswick
Edmundston,NB,New Brunswick
Eel River Crossing,NB,New Brunswick
Florenceville,NB,New Brunswick
Fredericton,NB,New Brunswick
Glenelg,NB,New Brunswick
Gordon,NB,New Brunswick
Grand Bay-Westfield,NB,New Brunswick
Grand Falls,NB,New Brunswick
Grand Manan,NB,New Brunswick
Greenwich,NB,New Brunswick
Hampton,NB,New Brunswick
Hanwell,NB,New Brunswick
Hardwicke,NB,New Brunswick
Havelock,NB,New Brunswick
Hillsborough,NB,New Brunswick
Kedgwick,NB,New Brunswick
Kent,NB,New Brunswick
Kingsclear,NB,New Brunswick
Kingston,NB,New Brunswick
Lameque,NB,New Brunswick
Lincoln,NB,New Brunswick
Manners Sutton,NB,New Brunswick
Maugerville,NB,New Brunswick
McAdam,NB,New Brunswick
Memramcook,NB,New Brunswick
Minto,NB,New Brunswick
Miramichi,NB,New Brunswick
Moncton,NB,New Brunswick
Musquash,NB,New Brunswick
Nauwigewauk,NB,New Brunswick
Neguac,NB,New Brunswick
New Bandon,NB,New Brunswick
New Maryland,NB,New Brunswick
Newcastle,NB,New Brunswick
Noonan,NB,New Brunswick
Northampton,NB,New Brunswick
Northesk,NB,New Brunswick
Norton,NB,New Brunswick
Oromocto,NB,New Brunswick
Paquetville,NB,New Brunswick
Peel,NB,New Brunswick
Pennfield Ridge,NB,New Brunswick
Perth,NB,New Brunswick
Petit Rocher,NB,New Brunswick
Petitcodiac,NB,New Brunswick
Plaster Rock,NB,New Brunswick
Queensbury,NB,New Brunswick
Quispamsis,NB,New Brunswick
Richibucto,NB,New Brunswick
Richmond,NB,New Brunswick
Riverview,NB,New Brunswick
Rogersville,NB,New Brunswick
Rothesay,NB,New Brunswick
Sackville,NB,New Brunswick
Saint Andrews,NB,New Brunswick
Saint David,NB,New Brunswick
Saint George,NB,New Brunswick
Saint James,NB,New Brunswick
Saint John,NB,New Brunswick
Saint Martins,NB,New Brunswick
Saint Mary,NB,New Brunswick
Saint Marys,NB,New Brunswick
Saint Stephen,NB,New Brunswick
Saint-Andre,NB,New Brunswick
Saint-Antoine,NB,New Brunswick
Saint-Charles,NB,New Brunswick
Saint-Jacques,NB,New Brunswick
Saint-Joseph,NB,New Brunswick
Saint-Leonard,NB,New Brunswick
Saint-Louis,NB,New Brunswick
Saint-Quentin,NB,New Brunswick
Salisbury,NB,New Brunswick
Shediac,NB,New Brunswick
Shippagan,NB,New Brunswick
Shippegan,NB,New Brunswick
Simonds,NB,New Brunswick
Southampton,NB,New Brunswick
Southesk,NB,New Brunswick
Springfield,NB,New Brunswick
St. George,NB,New Brunswick
Studholm,NB,New Brunswick
Sussex,NB,New Brunswick
Sussex Corner,NB,New Brunswick
Tracadie,NB,New Brunswick
Upham,NB,New Brunswick
Upper Miramichi,NB,New Brunswick
Wakefield,NB,New Brunswick
Weldford,NB,New Brunswick
Wellington,NB,New Brunswick
Westfield Beach,NB,New Brunswick
Wicklow,NB,New Brunswick
Wilmot,NB,New Brunswick
Woodstock,NB,New Brunswick
Baie Verte,NL,Newfoundland and Labrador
Bay Bulls,NL,Newfoundland and Labrador
Bay Roberts,NL,Newfoundland and Labrador
Bishops Falls,NL,Newfoundland and Labrador
Bonavista,NL,Newfoundland and Labrador
Botwood,NL,Newfoundland and Labrador
Burgeo,NL,Newfoundland and Labrador
Burin,NL,Newfoundland and Labrador
Carbonear,NL,Newfoundland and Labrador
Centreville-Wareham-Trinity,NL,Newfoundland and Labrador
Channel-Port aux Basques,NL,Newfoundland and Labrador
Clarenville,NL,Newfoundland and Labrador
Clarkes Beach,NL,Newfoundland and Labrador
Conception Bay South,NL,Newfoundland and Labrador
Corner Brook,NL,Newfoundland and Labrador
Deer Lake,NL,Newfoundland and Labrador
Dildo,NL,Newfoundland and Labrador
Flat Rock,NL,Newfoundland and Labrador
Fogo Island,NL,Newfoundland and Labrador
Fortune,NL,Newfoundland and Labrador
Gambo,NL,Newfoundland and Labrador
Gander,NL,Newfoundland and Labrador
Glovertown,NL,Newfoundland and Labrador
Goulds,NL,Newfoundland and Labrador
Grand Bank,NL,Newfoundland and Labrador
Grand Falls,NL,Newfoundland and Labrador
Happy Valley,NL,Newfoundland and Labrador
Harbour Breton,NL,Newfoundland and Labrador
Harbour Grace,NL,Newfoundland and Labrador
Harbour Main-Chapel's Cove-Lakeview,NL,Newfoundland and Labrador
Holyrood,NL,Newfoundland and Labrador
Humbermouth,NL,Newfoundland and Labrador
Irishtown-Summerside,NL,Newfoundland and Labrador
Kippens,NL,Newfoundland and Labrador
Labrador City,NL,Newfoundland and Labrador
Lewisporte,NL,Newfoundland and Labrador
Logy Bay-Middle Cove-Outer Cove,NL,Newfoundland and Labrador
Marystown,NL,Newfoundland and Labrador
Massey Drive,NL,Newfoundland and Labrador
Mount Pearl Park,NL,Newfoundland and Labrador
Nain,NL,Newfoundland and Labrador
New-Wes-Valley,NL,Newfoundland and Labrador
Paradise,NL,Newfoundland and Labrador
Pasadena,NL,Newfoundland and Labrador
Placentia,NL,Newfoundland and Labrador
Portugal Cove-St. Philip's,NL,Newfoundland and Labrador
Pouch Cove,NL,Newfoundland and Labrador
Spaniards Bay,NL,Newfoundland and Labrador
Springdale,NL,Newfoundland and Labrador
St. Alban's,NL,Newfoundland and Labrador
St. Anthony,NL,Newfoundland and Labrador
St. George's,NL,Newfoundland and Labrador
St. John's,NL,Newfoundland and Labrador
St. Lawrence,NL,Newfoundland and Labrador
Stephenville,NL,Newfoundland and Labrador
Stephenville Crossing,NL,Newfoundland and Labrador
Torbay,NL,Newfoundland and Labrador
Trinity Bay North,NL,Newfoundland and Labrador
Twillingate,NL,Newfoundland and Labrador
Upper Island Cove,NL,Newfoundland and Labrador
Victoria,NL,Newfoundland and Labrador
Wabana,NL,Newfoundland and Labrador
Wabush,NL,Newfoundland and Labrador
Witless Bay,NL,Newfoundland and Labrador
Amherst,NS,Nova Scotia
Antigonish,NS,Nova Scotia
Argyle,NS,Nova Scotia
Barrington,NS,Nova Scotia
Berwick,NS,Nova Scotia
Bridgewater,NS,Nova Scotia
Cape Breton,NS,Nova Scotia
Centreville,NS,Nova Scotia
Chester,NS,Nova Scotia
Church Point,NS,Nova Scotia
Digby,NS,Nova Scotia
Falmouth,NS,Nova Scotia
Halifax,NS,Nova Scotia
Inverness,NS,Nova Scotia
Kentville,NS,Nova Scotia
Lantz,NS,Nova Scotia
Lunenburg,NS,Nova Scotia
Mahone Bay,NS,Nova Scotia
Middleton,NS,Nova Scotia
New Glasgow,NS,Nova Scotia
Oxford,NS,Nova Scotia
Parrsboro,NS,Nova Scotia
Pictou,NS,Nova Scotia
Port Hawkesbury,NS,Nova Scotia
Queens,NS,Nova Scotia
Shelburne,NS,Nova Scotia
Stellarton,NS,Nova Scotia
Stewiacke,NS,Nova Scotia
Trenton,NS,Nova Scotia
Truro,NS,Nova Scotia
Wedgeport,NS,Nova Scotia
Westville,NS,Nova Scotia
Windsor,NS,Nova Scotia
Wolfville,NS,Nova Scotia
Yarmouth,NS,Nova Scotia
Behchoko,NT,Northwest Territories
Fort Simpson,NT,Northwest Territories
Fort Smith,NT,Northwest Territories
Hay River,NT,Northwest Territories
Inuvik,NT,Northwest Territories
Yellowknife,NT,Northwest Territories
Arviat,NU,Nunavut
Baker Lake,NU,Nunavut
Cambridge Bay,NU,Nunavut
Cape Dorset,NU,Nunavut
Clyde River,NU,Nunavut
Gjoa Haven,NU,Nunavut
Igloolik,NU,Nunavut
Iqaluit,NU,Nunavut
Kugluktuk,NU,Nunavut
Pangnirtung,NU,Nunavut
Pond Inlet,NU,Nunavut
Rankin Inlet,NU,Nunavut
Repulse Bay,NU,Nunavut
Taloyoak,NU,Nunavut
Addington Highlands,ON,Ontario
Adelaide-Metcalfe,ON,Ontario
Adjala-Tosorontio,ON,Ontario
Admaston/Bromley,ON,Ontario
Ajax,ON,Ontario
Alfred and Plantagenet,ON,Ontario
Algonquin Highlands,ON,Ontario
Alnwick/Haldimand,ON,Ontario
Alvinston,ON,Ontario
Amaranth,ON,Ontario
Amherstburg,ON,Ontario
Armour,ON,Ontario
Armstrong,ON,Ontario
Arnprior,ON,Ontario
Arran-Elderslie,ON,Ontario
Ashfield-Colborne-Wawanosh,ON,Ontario
Asphodel-Norwood,ON,Ontario
Assiginack,ON,Ontario
Athens,ON,Ontario
Atikokan,ON,Ontario
Augusta,ON,Ontario
Aurora,ON,Ontario
Aylmer,ON,Ontario
Bancroft,ON,Ontario
Barrie,ON,Ontario
Bayfield,ON,Ontario
Bayham,ON,Ontario
Beachburg,ON,Ontario
Beckwith,ON,Ontario
Belleville,ON,Ontario
Black River-Matheson,ON,Ontario
Blandford-Blenheim,ON,Ontario
Blind River,ON,Ontario
Bluewater,ON,Ontario
Bonfield,ON,Ontario
Bonnechere Valley,ON,Ontario
Bracebridge,ON,Ontario
Bradford West Gwillimbury,ON,Ontario
Brampton,ON,Ontario
Brant,ON,Ontario
Brantford,ON,Ontario
Breslau,ON,Ontario
Brighton,ON,Ontario
Brock,ON,Ontario
Brockton,ON,Ontario
Brockville,ON,Ontario
"Brudenell, Lyndoch and Raglan",ON,Ontario
Burford,ON,Ontario
Burlington,ON,Ontario
Caledon,ON,Ontario
Callander,ON,Ontario
Cambridge,ON,Ontario
Carleton Place,ON,Ontario
Carling,ON,Ontario
Casselman,ON,Ontario
Cavan Monaghan,ON,Ontario
Central Elgin,ON,Ontario
Central Frontenac,ON,Ontario
Central Huron,ON,Ontario
Central Manitoulin,ON,Ontario
Centre Hastings,ON,Ontario
Centre Wellington,ON,Ontario
Champlain,ON,Ontario
Chapleau,ON,Ontario
Chatham,ON,Ontario
Chatsworth,ON,Ontario
Chisholm,ON,Ontario
Claremont,ON,Ontario
Clarence-Rockland,ON,Ontario
Clarington,ON,Ontario
Clearview,ON,Ontario
Cobalt,ON,Ontario
Cobourg,ON,Ontario
Cochrane,ON,Ontario
Collingwood,ON,Ontario
Conestogo,ON,Ontario
Cornwall,ON,Ontario
Cramahe,ON,Ontario
Dawn-Euphemia,ON,Ontario
Deep River,ON,Ontario
Deseronto,ON,Ontario
Douro-Dummer,ON,Ontario
Drummond/North Elmsley,ON,Ontario
Dryden,ON,Ontario
Dutton/Dunwich,ON,Ontario
Dysart et al,ON,Ontario
East Ferris,ON,Ontario
East Garafraxa,ON,Ontario
East Gwillimbury,ON,Ontario
East Hawkesbury,ON,Ontario
East Zorra-Tavistock,ON,Ontario
Edwardsburgh/Cardinal,ON,Ontario
Elizabethtown-Kitley,ON,Ontario
Elliot Lake,ON,Ontario
Emo,ON,Ontario
Englehart,ON,Ontario
Enniskillen,ON,Ontario
Erin,ON,Ontario
Espanola,ON,Ontario
Essa,ON,Ontario
Essex,ON,Ontario
Faraday,ON,Ontario
Fort Erie,ON,Ontario
Fort Frances,ON,Ontario
French River / Riviere des Francais,ON,Ontario
Front of Yonge,ON,Ontario
Frontenac Islands,ON,Ontario
Gananoque,ON,Ontario
Georgian Bay,ON,Ontario
Georgian Bluffs,ON,Ontario
Georgina,ON,Ontario
Goderich,ON,Ontario
Grand Valley,ON,Ontario
Gravenhurst,ON,Ontario
Greater Madawaska,ON,Ontario
Greater Napanee,ON,Ontario
Greenstone,ON,Ontario
Grey Highlands,ON,Ontario
Grimsby,ON,Ontario
Guelph,ON,Ontario
Guelph/Eramosa,ON,Ontario
Halton Hills,ON,Ontario
Hamilton,ON,Ontario
Hamilton Township,ON,Ontario
Hanover,ON,Ontario
Hastings Highlands,ON,Ontario
Havelock-Belmont-Methuen,ON,Ontario
Hawkesbury,ON,Ontario
Hearst,ON,Ontario
Hensall,ON,Ontario
Highlands East,ON,Ontario
Hillsburgh,ON,Ontario
Hindon Hill,ON,Ontario
Horton,ON,Ontario
Howick,ON,Ontario
Huntsville,ON,Ontario
Huron East,ON,Ontario
Huron Shores,ON,Ontario
Huron-Kinloss,ON,Ontario
Ignace,ON,Ontario
Ingersoll,ON,Ontario
Innisfil,ON,Ontario
Iroquois Falls,ON,Ontario
Kapuskasing,ON,Ontario
Kawartha Lakes,ON,Ontario
Kenora,ON,Ontario
"Killaloe, Hagarty and Richards",ON,Ontario
Kincardine,ON,Ontario
King,ON,Ontario
Kingsville,ON,Ontario
Kirkland Lake,ON,Ontario
Kitchener,ON,Ontario
Komoka,ON,Ontario
Laird,ON,Ontario
Lake of Bays,ON,Ontario
Lakeshore,ON,Ontario
Lambton Shores,ON,Ontario
Lanark Highlands,ON,Ontario
Lappe,ON,Ontario
LaSalle,ON,Ontario
Laurentian Hills,ON,Ontario
Laurentian Valley,ON,Ontario
Leamington,ON,Ontario
Leeds and the Thousand Islands,ON,Ontario
Lincoln,ON,Ontario
London,ON,Ontario
Loyalist,ON,Ontario
Lucan Biddulph,ON,Ontario
"Macdonald, Meredith and Aberdeen Additional",ON,Ontario
Madawaska Valley,ON,Ontario
Madoc,ON,Ontario
Magnetawan,ON,Ontario
Malahide,ON,Ontario
Manitouwadge,ON,Ontario
Mapleton,ON,Ontario
Marathon,ON,Ontario
Markham,ON,Ontario
Markstay,ON,Ontario
Marmora and Lake,ON,Ontario
Mattawa,ON,Ontario
McDougall,ON,Ontario
McKellar,ON,Ontario
McNab/Braeside,ON,Ontario
Meaford,ON,Ontario
Melancthon,ON,Ontario
Merrickville,ON,Ontario
Middlesex Centre,ON,Ontario
Midland,ON,Ontario
Milton,ON,Ontario
Minto,ON,Ontario
Mississauga,ON,Ontario
Mississippi Mills,ON,Ontario
Mono,ON,Ontario
Montague,ON,Ontario
Moonbeam,ON,Ontario
Moosonee,ON,Ontario
Morris-Turnberry,ON,Ontario
Mulmur,ON,Ontario
Muskoka Falls,ON,Ontario
Neebing,ON,Ontario
New Tecumseth,ON,Ontario
Newmarket,ON,Ontario
Niagara Falls,ON,Ontario
Niagara-on-the-Lake,ON,Ontario
Nipigon,ON,Ontario
Nipissing,ON,Ontario
North Algona Wilberforce,ON,Ontario
North Bay,ON,Ontario
North Dumfries,ON,Ontario
North Dundas,ON,Ontario
North Frontenac,ON,Ontario
North Glengarry,ON,Ontario
North Grenville,ON,Ontario
North Huron,ON,Ontario
North Kawartha,ON,Ontario
North Middlesex,ON,Ontario
North Perth,ON,Ontario
North Stormont,ON,Ontario
Northeastern Manitoulin and the Islands,ON,Ontario
Northern Bruce Peninsula,ON,Ontario
Norwich,ON,Ontario
Oakville,ON,Ontario
Oliver Paipoonge,ON,Ontario
Orangeville,ON,Ontario
Orillia,ON,Ontario
Oro-Medonte,ON,Ontario
Oshawa,ON,Ontario
Otonabee-South Monaghan,ON,Ontario
Ottawa,ON,Ontario
Owen Sound,ON,Ontario
Papineau-Cameron,ON,Ontario
Parry Sound,ON,Ontario
Pelham,ON,Ontario
Pembroke,ON,Ontario
Penetanguishene,ON,Ontario
Perry,ON,Ontario
Perth,ON,Ontario
Perth East,ON,Ontario
Perth South,ON,Ontario
Petawawa,ON,Ontario
Peterborough,ON,Ontario
Petrolia,ON,Ontario
Pickering,ON,Ontario
Plantagenet,ON,Ontario
Plympton-Wyoming,ON,Ontario
Point Edward,ON,Ontario
Port Colborne,ON,Ontario
Port Hope,ON,Ontario
Powassan,ON,Ontario
Prescott,ON,Ontario
Prince,ON,Ontario
Puslinch,ON,Ontario
Quinte West,ON,Ontario
Ramara,ON,Ontario
Red Lake,ON,Ontario
Renfrew,ON,Ontario
Richmond Hill,ON,Ontario
Rideau Lakes,ON,Ontario
Russell,ON,Ontario
Sables-Spanish Rivers,ON,Ontario
Sagamok,ON,Ontario
Sarnia,ON,Ontario
Saugeen Shores,ON,Ontario
Sault Ste. Marie,ON,Ontario
Schreiber,ON,Ontario
Scugog,ON,Ontario
Seguin,ON,Ontario
Selwyn,ON,Ontario
Severn,ON,Ontario
Shelburne,ON,Ontario
Shuniah,ON,Ontario
Sioux Lookout,ON,Ontario
Sioux Narrows-Nestor Falls,ON,Ontario
Smiths Falls,ON,Ontario
Smooth Rock Falls,ON,Ontario
South Algonquin,ON,Ontario
South Bruce,ON,Ontario
South Bruce Peninsula,ON,Ontario
South Dundas,ON,Ontario
South Frontenac,ON,Ontario
South Glengarry,ON,Ontario
South Huron,ON,Ontario
South River,ON,Ontario
South Stormont,ON,Ontario
Southgate,ON,Ontario
Southwest Middlesex,ON,Ontario
South-West Oxford,ON,Ontario
Southwold,ON,Ontario
Springwater,ON,Ontario
St. Catharines,ON,Ontario
St. Clair,ON,Ontario
St. Joseph,ON,Ontario
St. Marys,ON,Ontario
St. Thomas,ON,Ontario
St.-Charles,ON,Ontario
Stirling-Rawdon,ON,Ontario
Stone Mills,ON,Ontario
Stouffville,ON,Ontario
Stratford,ON,Ontario
Strathroy-Caradoc,ON,Ontario
Strong,ON,Ontario
Sudbury,ON,Ontario
Tara,ON,Ontario
Tay,ON,Ontario
Tay Valley,ON,Ontario
Tecumseh,ON,Ontario
Temiskaming Shores,ON,Ontario
Terrace Bay,ON,Ontario
Thames Centre,ON,Ontario
The Blue Mountains,ON,Ontario
The Nation / La Nation,ON,Ontario
Thessalon,ON,Ontario
Thorold,ON,Ontario
Thunder Bay,ON,Ontario
Tillsonburg,ON,Ontario
Timmins,ON,Ontario
Tiny,ON,Ontario
Toronto,ON,Ontario
Trent Hills,ON,Ontario
Trent Lakes,ON,Ontario
Tweed,ON,Ontario
Tyendinaga,ON,Ontario
Uxbridge,ON,Ontario
Vaughan,ON,Ontario
Wainfleet,ON,Ontario
Warwick,ON,Ontario
Wasaga Beach,ON,Ontario
Waterloo,ON,Ontario
Wawa,ON,Ontario
Welland,ON,Ontario
Wellesley,ON,Ontario
Wellington,ON,Ontario
Wellington North,ON,Ontario
West Elgin,ON,Ontario
West Grey,ON,Ontario
West Lincoln,ON,Ontario
West Nipissing / Nipissing Ouest,ON,Ontario
West Perth,ON,Ontario
Whitby,ON,Ontario
Whitewater Region,ON,Ontario
Wilmot,ON,Ontario
Windsor,ON,Ontario
Woodstock,ON,Ontario
Woolwich,ON,Ontario
Zorra,ON,Ontario
Alberton,PE,Prince Edward Island
Charlottetown,PE,Prince Edward Island
Cornwall,PE,Prince Edward Island
Kensington,PE,Prince Edward Island
Malpeque,PE,Prince Edward Island
Miltonvale Park,PE,Prince Edward Island
Montague,PE,Prince Edward Island
Souris,PE,Prince Edward Island
Stratford,PE,Prince Edward Island
Summerside,PE,Prince Edward Island
Acton Vale,QC,Quebec
Adstock,QC,Quebec
Akwesasne,QC,Quebec
Albanel,QC,Quebec
Alma,QC,Quebec
Amherst,QC,Quebec
Amos,QC,Quebec
Amqui,QC,Quebec
Amulet,QC,Quebec
Asbestos,QC,Quebec
Ascot Corner,QC,Quebec
Austin,QC,Quebec
Ayer's Cliff,QC,Quebec
Baie-Comeau,QC,Quebec
Baie-du-Febvre,QC,Quebec
Baie-d'Urfe,QC,Quebec
Baie-Saint-Paul,QC,Quebec
Barraute,QC,Quebec
Beaconsfield,QC,Quebec
Beauceville,QC,Quebec
Beauharnois,QC,Quebec
Beauport,QC,Quebec
Beaupre,QC,Quebec
Becancour,QC,Quebec
Bedford,QC,Quebec
Beloeil,QC,Quebec
Berthier-sur-Mer,QC,Quebec
Berthierville,QC,Quebec
Blainville,QC,Quebec
Blanc-Sablon,QC,Quebec
Boisbriand,QC,Quebec
Boischatel,QC,Quebec
Bois-des-Filion,QC,Quebec
Bonaventure,QC,Quebec
Boucherville,QC,Quebec
Brebeuf,QC,Quebec
Brigham,QC,Quebec
Bristol,QC,Quebec
Bromont,QC,Quebec
Brossard,QC,Quebec
Brownsburg,QC,Quebec
Bury,QC,Quebec
Candiac,QC,Quebec
Cantley,QC,Quebec
Cap Sante,QC,Quebec
Cap-Chat,QC,Quebec
Caplan,QC,Quebec
Cap-Saint-Ignace,QC,Quebec
Carignan,QC,Quebec
Carleton-sur-Mer,QC,Quebec
Causapscal,QC,Quebec
Chambly,QC,Quebec
Chambord,QC,Quebec
Champlain,QC,Quebec
Chandler,QC,Quebec
Chapais,QC,Quebec
Charlemagne,QC,Quebec
Chateauguay,QC,Quebec
Chateau-Richer,QC,Quebec
Chertsey,QC,Quebec
Chibougamau,QC,Quebec
Chisasibi,QC,Quebec
Chute-aux-Outardes,QC,Quebec
Clarendon,QC,Quebec
Clermont,QC,Quebec
Cleveland,QC,Quebec
Coaticook,QC,Quebec
Coleraine,QC,Quebec
Compton,QC,Quebec
Contrecoeur,QC,Quebec
Cookshire,QC,Quebec
Coteau-du-Lac,QC,Quebec
Cote-Saint-Luc,QC,Quebec
Cowansville,QC,Quebec
Crabtree,QC,Quebec
Danville,QC,Quebec
Degelis,QC,Quebec
Deleage,QC,Quebec
Delson,QC,Quebec
Desbiens,QC,Quebec
Deschambault,QC,Quebec
Deux-Montagnes,QC,Quebec
Disraeli,QC,Quebec
Dollard-des-Ormeaux,QC,Quebec
Donnacona,QC,Quebec
Dorval,QC,Quebec
Drummondville,QC,Quebec
Dudswell,QC,Quebec
Dunham,QC,Quebec
Durham-Sud,QC,Quebec
East Angus,QC,Quebec
East Broughton,QC,Quebec
Eastman,QC,Quebec
Eeyou Istchee Baie-James,QC,Quebec
Farnham,QC,Quebec
Ferme-Neuve,QC,Quebec
Fermont,QC,Quebec
Forestville,QC,Quebec
Fort-Coulonge,QC,Quebec
Fossambault-sur-le-Lac,QC,Quebec
Frampton,QC,Quebec
Franklin Centre,QC,Quebec
Frelighsburg,QC,Quebec
Frontenac,QC,Quebec
Gaspe,QC,Quebec
Gatineau,QC,Quebec
Girardville,QC,Quebec
Godmanchester,QC,Quebec
Gore,QC,Quebec
Gracefield,QC,Quebec
Granby,QC,Quebec
Grande-Riviere,QC,Quebec
Grande-Vallee,QC,Quebec
Grand-Remous,QC,Quebec
Grenville,QC,Quebec
Grenville-sur-la-Rouge,QC,Quebec
Hampstead,QC,Quebec
Hatley,QC,Quebec
Havre-Saint-Pierre,QC,Quebec
Hebertville,QC,Quebec
Hemmingford,QC,Quebec
Henryville,QC,Quebec
Herbertville,QC,Quebec
Herouxville,QC,Quebec
Hinchinbrooke,QC,Quebec
Hudson,QC,Quebec
Huntingdon,QC,Quebec
Inukjuak,QC,Quebec
Joliette,QC,Quebec
Kingsey Falls,QC,Quebec
Kirkland,QC,Quebec
Kuujjuaq,QC,Quebec
L' Isle-Verte,QC,Quebec
La Conception,QC,Quebec
La Dore,QC,Quebec
La Guadeloupe,QC,Quebec
La Macaza,QC,Quebec
La Malbaie,QC,Quebec
La Minerve,QC,Quebec
La Peche,QC,Quebec
La Pocatiere,QC,Quebec
La Prairie,QC,Quebec
La Presentation,QC,Quebec
La Sarre,QC,Quebec
La Tuque,QC,Quebec
Labelle,QC,Quebec
Labrecque,QC,Quebec
Lac-au-Saumon,QC,Quebec
Lac-aux-Sables,QC,Quebec
Lac-Bouchette,QC,Quebec
Lac-Brome,QC,Quebec
Lac-des-Ecorces,QC,Quebec
Lac-Drolet,QC,Quebec
Lac-Etchemin,QC,Quebec
Lachute,QC,Quebec
Lac-Megantic,QC,Quebec
Lac-Nominingue,QC,Quebec
Lacolle,QC,Quebec
Lac-Superieur,QC,Quebec
Lambton,QC,Quebec
L'Ancienne-Lorette,QC,Quebec
L'Ange-Gardien,QC,Quebec
Lanoraie,QC,Quebec
L'Anse-Saint-Jean,QC,Quebec
Larouche,QC,Quebec
L'Ascension-de-Notre-Seigneur,QC,Quebec
L'Assomption,QC,Quebec
Laurier-Station,QC,Quebec
Laurierville,QC,Quebec
Laval,QC,Quebec
Lavaltrie,QC,Quebec
L'Avenir,QC,Quebec
Lebel-sur-Quevillon,QC,Quebec
L'Epiphanie,QC,Quebec
Lery,QC,Quebec
Les Cedres,QC,Quebec
Les Coteaux,QC,Quebec
Les Eboulements,QC,Quebec
Les Escoumins,QC,Quebec
Les Iles-de-la-Madeleine,QC,Quebec
Les Mechins,QC,Quebec
Levis,QC,Quebec
L'Ile-Perrot,QC,Quebec
L'Isle-aux-Allumettes,QC,Quebec
L'Isle-aux-Coudres,QC,Quebec
L'Islet-sur-Mer,QC,Quebec
Listuguj,QC,Quebec
Longue-Rive,QC,Quebec
Longueuil,QC,Quebec
Lorraine,QC,Quebec
Lorrainville,QC,Quebec
Louiseville,QC,Quebec
Lyster,QC,Quebec
Macamic,QC,Quebec
Magog,QC,Quebec
Malartic,QC,Quebec
Maliotenam,QC,Quebec
Mandeville,QC,Quebec
Maniwaki,QC,Quebec
Manouane,QC,Quebec
Mansfield-et-Pontefract,QC,Quebec
Maria,QC,Quebec
Marieville,QC,Quebec
Mascouche,QC,Quebec
Mashteuiatsh,QC,Quebec
Maskinonge,QC,Quebec
Matagami,QC,Quebec
Matane,QC,Quebec
McMasterville,QC,Quebec
Melbourne,QC,Quebec
Mercier,QC,Quebec
Messines,QC,Quebec
Metabetchouan-Lac-a-la-Croix,QC,Quebec
Mille-Isles,QC,Quebec
Mirabel,QC,Quebec
Mistassini,QC,Quebec
Mistissini,QC,Quebec
Mont-Carmel,QC,Quebec
Mont-Joli,QC,Quebec
Mont-Laurier,QC,Quebec
Montmagny,QC,Quebec
Mont-Orford,QC,Quebec
Montreal,QC,Quebec
Montreal-Est,QC,Quebec
Montreal-Ouest,QC,Quebec
Mont-Royal,QC,Quebec
Mont-Saint-Gregoire,QC,Quebec
Mont-Saint-Hilaire,QC,Quebec
Mont-Tremblant,QC,Quebec
Morin-Heights,QC,Quebec
Nantes,QC,Quebec
Napierville,QC,Quebec
Neuville,QC,Quebec
New Carlisle,QC,Quebec
New Richmond,QC,Quebec
Nicolet,QC,Quebec
Normandin,QC,Quebec
Notre-Dame-de-l'Ile-Perrot,QC,Quebec
Notre-Dame-de-Lourdes,QC,Quebec
Notre-Dame-des-Neiges,QC,Quebec
Notre-Dame-des-Pins,QC,Quebec
Notre-Dame-des-Prairies,QC,Quebec
Notre-Dame-du-Bon-Conseil,QC,Quebec
Notre-Dame-du-Laus,QC,Quebec
Notre-Dame-du-Mont-Carmel,QC,Quebec
Notre-Dame-du-Nord,QC,Quebec
Notre-Dame-du-Portage,QC,Quebec
Nouvelle,QC,Quebec
Noyan,QC,Quebec
Obedjiwan,QC,Quebec
Oka,QC,Quebec
Old Chelsea,QC,Quebec
Ormstown,QC,Quebec
Otterburn Park,QC,Quebec
Palmarolle,QC,Quebec
Papineauville,QC,Quebec
Paspebiac,QC,Quebec
Perce,QC,Quebec
Pessamit,QC,Quebec
Piedmont,QC,Quebec
Pierreville,QC,Quebec
Pincourt,QC,Quebec
Plaisance,QC,Quebec
Plessisville,QC,Quebec
Pohenegamook,QC,Quebec
Pointe-a-la-Croix,QC,Quebec
Pointe-aux-Outardes,QC,Quebec
Pointe-Calumet,QC,Quebec
Pointe-Claire,QC,Quebec
Pointe-des-Cascades,QC,Quebec
Pointe-Lebel,QC,Quebec
Pontiac,QC,Quebec
Pont-Rouge,QC,Quebec
Port-Cartier,QC,Quebec
Port-Daniel--Gascons,QC,Quebec
Portneuf,QC,Quebec
Potton,QC,Quebec
Povungnituk,QC,Quebec
Prevost,QC,Quebec
Price,QC,Quebec
Princeville,QC,Quebec
Quebec City,QC,Quebec
Racine,QC,Quebec
Ragueneau,QC,Quebec
Rawdon,QC,Quebec
Repentigny,QC,Quebec
Richelieu,QC,Quebec
Richmond,QC,Quebec
Rigaud,QC,Quebec
Rimouski,QC,Quebec
Ripon,QC,Quebec
Riviere-Beaudette,QC,Quebec
Riviere-Blanche,QC,Quebec
Riviere-Bleue,QC,Quebec
Riviere-du-Loup,QC,Quebec
Riviere-Heva,QC,Quebec
Riviere-Ouelle,QC,Quebec
Riviere-Rouge,QC,Quebec
Roberval,QC,Quebec
Rosemere,QC,Quebec
Rougemont,QC,Quebec
Rouyn-Noranda,QC,Quebec
Roxton Falls,QC,Quebec
Roxton Pond,QC,Quebec
Roxton-Sud,QC,Quebec
Sacre-Coeur-Saguenay,QC,Quebec
Saguenay,QC,Quebec
Saint-Adolphe-d'Howard,QC,Quebec
Saint-Agapit,QC,Quebec
Saint-Aime-des-Lacs,QC,Quebec
Saint-Alban,QC,Quebec
Saint-Albert,QC,Quebec
Saint-Alexandre,QC,Quebec
Saint-Alexandre-de-Kamouraska,QC,Quebec
Saint-Alexis,QC,Quebec
Saint-Alexis-des-Monts,QC,Quebec
Saint-Alphonse-de-Granby,QC,Quebec
Saint-Alphonse-Rodriguez,QC,Quebec
Saint-Amable,QC,Quebec
Saint-Ambroise,QC,Quebec
Saint-Ambroise-de-Kildare,QC,Quebec
Saint-Anaclet-de-Lessard,QC,Quebec
Saint-Andre-Avellin,QC,Quebec
Saint-Andre-d'Argenteuil,QC,Quebec
Saint-Anicet,QC,Quebec
Saint-Anselme,QC,Quebec
Saint-Antoine-de-Tilly,QC,Quebec
Saint-Antoine-sur-Richelieu,QC,Quebec
Saint-Antonin,QC,Quebec
Saint-Apollinaire,QC,Quebec
Saint-Armand,QC,Quebec
Saint-Arsene,QC,Quebec
Saint-Aubert,QC,Quebec
Saint-Augustin-de-Desmaures,QC,Quebec
Saint-Barnabe,QC,Quebec
Saint-Barthelemy,QC,Quebec
Saint-Basile,QC,Quebec
Saint-Basile-le-Grand,QC,Quebec
Saint-Benoit-Labre,QC,Quebec
Saint-Bernard,QC,Quebec
Saint-Bernard-de-Lacolle,QC,Quebec
Saint-Blaise-sur-Richelieu,QC,Quebec
Saint-Bonaventure,QC,Quebec
Saint-Boniface,QC,Quebec
Saint-Bruno,QC,Quebec
Saint-Bruno-de-Guigues,QC,Quebec
Saint-Bruno-de-Montarville,QC,Quebec
Saint-Calixte,QC,Quebec
Saint-Casimir,QC,Quebec
Saint-Cesaire,QC,Quebec
Saint-Charles-Borromee,QC,Quebec
Saint-Charles-de-Bellechasse,QC,Quebec
Saint-Charles-sur-Richelieu,QC,Quebec
Saint-Christophe-d'Arthabaska,QC,Quebec
Saint-Chrysostome,QC,Quebec
Saint-Claude,QC,Quebec
Saint-Clet,QC,Quebec
Saint-Colomban,QC,Quebec
Saint-Come,QC,Quebec
Saint-Come--Liniere,QC,Quebec
Saint-Constant,QC,Quebec
Saint-Cuthbert,QC,Quebec
Saint-Cyprien,QC,Quebec
Saint-Cyprien-de-Napierville,QC,Quebec
Saint-Cyrille-de-Wendover,QC,Quebec
Saint-Damase,QC,Quebec
Saint-Damien,QC,Quebec
Saint-Damien-de-Buckland,QC,Quebec
Saint-David-de-Falardeau,QC,Quebec
Saint-Denis,QC,Quebec
Saint-Denis-de-Brompton,QC,Quebec
Saint-Dominique,QC,Quebec
Saint-Donat,QC,Quebec
Sainte-Adele,QC,Quebec
Sainte-Agathe-de-Lotbiniere,QC,Quebec
Sainte-Agathe-des-Monts,QC,Quebec
Sainte-Angele-de-Monnoir,QC,Quebec
Sainte-Anne-de-Beaupre,QC,Quebec
Sainte-Anne-de-Bellevue,QC,Quebec
Sainte-Anne-de-la-Perade,QC,Quebec
Sainte-Anne-de-la-Pocatiere,QC,Quebec
Sainte-Anne-de-Sabrevois,QC,Quebec
Sainte-Anne-des-Lacs,QC,Quebec
Sainte-Anne-des-Monts,QC,Quebec
Sainte-Anne-de-Sorel,QC,Quebec
Sainte-Anne-des-Plaines,QC,Quebec
Sainte-Anne-du-Sault,QC,Quebec
Sainte-Barbe,QC,Quebec
Sainte-Beatrix,QC,Quebec
Sainte-Brigide-d'Iberville,QC,Quebec
Sainte-Brigitte-de-Laval,QC,Quebec
Sainte-Catherine,QC,Quebec
Sainte-Catherine-de-Hatley,QC,Quebec
Sainte-Catherine-de-la-Jacques-Cartier,QC,Quebec
Sainte-Cecile-de-Milton,QC,Quebec
Sainte-Claire,QC,Quebec
Sainte-Clotilde,QC,Quebec
Sainte-Clotilde-de-Horton,QC,Quebec
Sainte-Croix,QC,Quebec
Saint-Edouard,QC,Quebec
Saint-Edouard-de-Lotbiniere,QC,Quebec
Sainte-Elisabeth,QC,Quebec
Sainte-Emelie-de-l'Energie,QC,Quebec
Sainte-Felicite,QC,Quebec
Sainte-Genevieve-de-Batiscan,QC,Quebec
Sainte-Genevieve-de-Berthier,QC,Quebec
Sainte-Helene-de-Bagot,QC,Quebec
Sainte-Henedine,QC,Quebec
Sainte-Jeanne-d'Arc,QC,Quebec
Sainte-Julie,QC,Quebec
Sainte-Julienne,QC,Quebec
Sainte-Justine,QC,Quebec
Saint-Elie-de-Caxton,QC,Quebec
Sainte-Luce,QC,Quebec
Sainte-Lucie-des-Laurentides,QC,Quebec
Saint-Elzear,QC,Quebec
Sainte-Madeleine,QC,Quebec
Sainte-Marcelline-de-Kildare,QC,Quebec
Sainte-Marguerite,QC,Quebec
Sainte-Marguerite-du-Lac-Masson,QC,Quebec
Sainte-Marie,QC,Quebec
Sainte-Marie-Madeleine,QC,Quebec
Sainte-Marie-Salome,QC,Quebec
Sainte-Marthe,QC,Quebec
Sainte-Marthe-sur-le-Lac,QC,Quebec
Sainte-Martine,QC,Quebec
Sainte-Melanie,QC,Quebec
Sainte-Petronille,QC,Quebec
Saint-Ephrem-de-Beauce,QC,Quebec
Sainte-Sabine,QC,Quebec
Sainte-Sophie,QC,Quebec
Saint-Esprit,QC,Quebec
Sainte-Thecle,QC,Quebec
Sainte-Therese,QC,Quebec
Sainte-Therese-de-Gaspe,QC,Quebec
Saint-Etienne-des-Gres,QC,Quebec
Saint-Eugene,QC,Quebec
Sainte-Ursule,QC,Quebec
Saint-Eustache,QC,Quebec
Sainte-Victoire-de-Sorel,QC,Quebec
Saint-Fabien,QC,Quebec
Saint-Faustin--Lac-Carre,QC,Quebec
Saint-Felicien,QC,Quebec
Saint-Felix-de-Kingsey,QC,Quebec
Saint-Felix-de-Valois,QC,Quebec
Saint-Ferdinand,QC,Quebec
Saint-Ferreol-les-Neiges,QC,Quebec
Saint-Flavien,QC,Quebec
Saint-Francois-de-la-Riviere-du-Sud,QC,Quebec
Saint-Francois-du-Lac,QC,Quebec
Saint-Francois-Xavier-de-Brompton,QC,Quebec
Saint-Frederic,QC,Quebec
Saint-Fulgence,QC,Quebec
Saint-Gabriel,QC,Quebec
Saint-Gabriel-de-Brandon,QC,Quebec
Saint-Gabriel-de-Rimouski,QC,Quebec
Saint-Gabriel-de-Valcartier,QC,Quebec
Saint-Gedeon,QC,Quebec
Saint-Gedeon-de-Beauce,QC,Quebec
Saint-Georges-de-Cacouna,QC,Quebec
Saint-Georges-de-Clarenceville,QC,Quebec
Saint-Germain-de-Grantham,QC,Quebec
Saint-Gervais,QC,Quebec
Saint-Gilles,QC,Quebec
Saint-Guillaume,QC,Quebec
Saint-Henri,QC,Quebec
Saint-Hilarion,QC,Quebec
Saint-Hippolyte,QC,Quebec
Saint-Honore,QC,Quebec
Saint-Honore-de-Shenley,QC,Quebec
Saint-Hubert-de-Riviere-du-Loup,QC,Quebec
Saint-Hugues,QC,Quebec
Saint-Hyacinthe,QC,Quebec
Saint-Ignace-de-Loyola,QC,Quebec
Saint-Isidore,QC,Quebec
Saint-Jacques,QC,Quebec
Saint-Jacques-le-Mineur,QC,Quebec
Saint-Jean-Baptiste,QC,Quebec
Saint-Jean-de-Dieu,QC,Quebec
Saint-Jean-de-Matha,QC,Quebec
Saint-Jean-Port-Joli,QC,Quebec
Saint-Jean-sur-Richelieu,QC,Quebec
Saint-Jerome,QC,Quebec
Saint-Joachim,QC,Quebec
Saint-Joachim-de-Shefford,QC,Quebec
Saint-Joseph-de-Beauce,QC,Quebec
Saint-Joseph-de-Coleraine,QC,Quebec
Saint-Joseph-de-Sorel,QC,Quebec
Saint-Joseph-du-Lac,QC,Quebec
Saint-Jude,QC,Quebec
Saint-Justin,QC,Quebec
Saint-Lambert,QC,Quebec
Saint-Lambert-de-Lauzon,QC,Quebec
Saint-Laurent-de-l'Ile-d'Orleans,QC,Quebec
Saint-Lazare,QC,Quebec
Saint-Lazare-de-Bellechasse,QC,Quebec
Saint-Leonard-d'Aston,QC,Quebec
Saint-Leonard-de-Portneuf,QC,Quebec
Saint-Leon-de-Standon,QC,Quebec
Saint-Liboire,QC,Quebec
Saint-Liguori,QC,Quebec
Saint-Lin--Laurentides,QC,Quebec
Saint-Louis-de-Gonzague,QC,Quebec
Saint-Louis-du-Ha! Ha!,QC,Quebec
Saint-Lucien,QC,Quebec
Saint-Ludger,QC,Quebec
Saint-Majorique-de-Grantham,QC,Quebec
Saint-Malachie,QC,Quebec
Saint-Marc-des-Carrieres,QC,Quebec
Saint-Marc-sur-Richelieu,QC,Quebec
Saint-Martin,QC,Quebec
Saint-Mathias-sur-Richelieu,QC,Quebec
Saint-Mathieu,QC,Quebec
Saint-Mathieu-de-Beloeil,QC,Quebec
Saint-Mathieu-du-Parc,QC,Quebec
Saint-Maurice,QC,Quebec
Saint-Maxime-du-Mont-Louis,QC,Quebec
Saint-Michel,QC,Quebec
Saint-Michel-de-Bellechasse,QC,Quebec
Saint-Michel-des-Saints,QC,Quebec
Saint-Michel-du-Squatec,QC,Quebec
Saint-Modeste,QC,Quebec
Saint-Narcisse,QC,Quebec
Saint-Narcisse-de-Beaurivage,QC,Quebec
Saint-Narcisse-de-Rimouski,QC,Quebec
Saint-Nazaire,QC,Quebec
Saint-Norbert,QC,Quebec
Saint-Norbert-d'Arthabaska,QC,Quebec
Saint-Odilon-de-Cranbourne,QC,Quebec
Saint-Ours,QC,Quebec
Saint-Pacome,QC,Quebec
Saint-Pamphile,QC,Quebec
Saint-Pascal,QC,Quebec
Saint-Patrice-de-Beaurivage,QC,Quebec
Saint-Patrice-de-Sherrington,QC,Quebec
Saint-Paul,QC,Quebec
Saint-Paul-d'Abbotsford,QC,Quebec
Saint-Paul-de-l'Ile-aux-Noix,QC,Quebec
Saint-Paulin,QC,Quebec
Saint-Philippe,QC,Quebec
Saint-Pie,QC,Quebec
Saint-Pierre-de-l'Ile-d'Orleans,QC,Quebec
Saint-Pierre-les-Becquets,QC,Quebec
Saint-Placide,QC,Quebec
Saint-Polycarpe,QC,Quebec
Saint-Prime,QC,Quebec
Saint-Prosper,QC,Quebec
Saint-Raphael,QC,Quebec
Saint-Raymond,QC,Quebec
Saint-Remi,QC,Quebec
Saint-Rene-de-Matane,QC,Quebec
Saint-Robert,QC,Quebec
Saint-Roch-de-l'Achigan,QC,Quebec
Saint-Roch-de-Richelieu,QC,Quebec
Saints-Anges,QC,Quebec
Saint-Sauveur,QC,Quebec
Saint-Simeon,QC,Quebec
Saint-Simon,QC,Quebec
Saint-Stanislas,QC,Quebec
Saint-Stanislas-de-Kostka,QC,Quebec
Saint-Sulpice,QC,Quebec
Saint-Sylvestre,QC,Quebec
Saint-Theodore-d'Acton,QC,Quebec
Saint-Thomas,QC,Quebec
Saint-Tite,QC,Quebec
Saint-Tite-des-Caps,QC,Quebec
Saint-Ubalde,QC,Quebec
Saint-Urbain,QC,Quebec
Saint-Urbain-Premier,QC,Quebec
Saint-Valere,QC,Quebec
Saint-Valerien-de-Milton,QC,Quebec
Saint-Vallier,QC,Quebec
Saint-Victor,QC,Quebec
Saint-Wenceslas,QC,Quebec
Saint-Zacharie,QC,Quebec
Saint-Zenon,QC,Quebec
Saint-Zotique,QC,Quebec
Salaberry-de-Valleyfield,QC,Quebec
Salluit,QC,Quebec
Sayabec,QC,Quebec
Scott,QC,Quebec
Senneterre,QC,Quebec
Sept-Iles,QC,Quebec
Shannon,QC,Quebec
Shawinigan,QC,Quebec
Shawville,QC,Quebec
Sherbrooke,QC,Quebec
Sorel-Tracy,QC,Quebec
Stanstead,QC,Quebec
Stoke,QC,Quebec
Stoneham-et-Tewkesbury,QC,Quebec
Stukely-Sud,QC,Quebec
Sutton,QC,Quebec
Temiscaming,QC,Quebec
Temiscouata-sur-le-Lac,QC,Quebec
Terrasse-Vaudreuil,QC,Quebec
Terrebonne,QC,Quebec
Thetford Mines,QC,Quebec
Thurso,QC,Quebec
Tingwick,QC,Quebec
Trecesson,QC,Quebec
Tres-Saint-Sacrement,QC,Quebec
Tring-Jonction,QC,Quebec
Trois-Pistoles,QC,Quebec
Trois-Rivieres,QC,Quebec
Uashat,QC,Quebec
Upton,QC,Quebec
Valcourt,QC,Quebec
Val-David,QC,Quebec
Val-des-Monts,QC,Quebec
Val-d'Or,QC,Quebec
Val-Joli,QC,Quebec
Vallee-Jonction,QC,Quebec
Val-Morin,QC,Quebec
Val-Shefford,QC,Quebec
Varennes,QC,Quebec
Vaudreuil-Dorion,QC,Quebec
Vaudreuil-sur-le-Lac,QC,Quebec
Venise-en-Quebec,QC,Quebec
Vercheres,QC,Quebec
Victoriaville,QC,Quebec
Ville-Marie,QC,Quebec
Warwick,QC,Quebec
Waskaganish,QC,Quebec
Waswanipi,QC,Quebec
Waterloo,QC,Quebec
Waterville,QC,Quebec
Weedon-Centre,QC,Quebec
Wemindji,QC,Quebec
Wemotaci,QC,Quebec
Wendake,QC,Quebec
Wentworth-Nord,QC,Quebec
Westmount,QC,Quebec
Wickham,QC,Quebec
Windsor,QC,Quebec
Wotton,QC,Quebec
Yamachiche,QC,Quebec
Yamaska,QC,Quebec
Yamaska-Est,QC,Quebec
Air Ronge,SK,Saskatchewan
Assiniboia,SK,Saskatchewan
Balgonie,SK,Saskatchewan
Battle River No. 438,SK,Saskatchewan
Battleford,SK,Saskatchewan
Beaver River,SK,Saskatchewan
Biggar,SK,Saskatchewan
Birch Hills,SK,Saskatchewan
Blucher,SK,Saskatchewan
Britannia No. 502,SK,Saskatchewan
Buckland No. 491,SK,Saskatchewan
Buffalo Narrows,SK,Saskatchewan
Canora,SK,Saskatchewan
Canwood No. 494,SK,Saskatchewan
Carlyle,SK,Saskatchewan
Carnduff,SK,Saskatchewan
Corman Park No. 344,SK,Saskatchewan
Creighton,SK,Saskatchewan
Dalmeny,SK,Saskatchewan
Davidson,SK,Saskatchewan
Delisle,SK,Saskatchewan
Duck Lake No. 463,SK,Saskatchewan
Dundurn No. 314,SK,Saskatchewan
Edenwold No. 158,SK,Saskatchewan
Esterhazy,SK,Saskatchewan
Estevan,SK,Saskatchewan
Estevan No. 5,SK,Saskatchewan
Eston,SK,Saskatchewan
Flin Flon,SK,Saskatchewan
Foam Lake,SK,Saskatchewan
Fort Qu'Appelle,SK,Saskatchewan
Frenchman Butte,SK,Saskatchewan
Gravelbourg,SK,Saskatchewan
Grenfell,SK,Saskatchewan
Hudson Bay,SK,Saskatchewan
Hudson Bay No. 394,SK,Saskatchewan
Humboldt,SK,Saskatchewan
Ile-a-la-Crosse,SK,Saskatchewan
Indian Head,SK,Saskatchewan
Kamsack,SK,Saskatchewan
Kerrobert,SK,Saskatchewan
Kindersley,SK,Saskatchewan
Kindersley No. 290,SK,Saskatchewan
Kipling,SK,Saskatchewan
La Loche,SK,Saskatchewan
La Ronge,SK,Saskatchewan
Laird No. 404,SK,Saskatchewan
Lajord No. 128,SK,Saskatchewan
Langenburg,SK,Saskatchewan
Langham,SK,Saskatchewan
Lanigan,SK,Saskatchewan
Lloydminster,SK,Saskatchewan
Longlaketon No. 219,SK,Saskatchewan
Lumsden,SK,Saskatchewan
Lumsden No. 189,SK,Saskatchewan
Macklin,SK,Saskatchewan
Maidstone,SK,Saskatchewan
Maple Creek,SK,Saskatchewan
Maple Creek No. 111,SK,Saskatchewan
Martensville,SK,Saskatchewan
Meadow Lake,SK,Saskatchewan
Meadow Lake No. 588,SK,Saskatchewan
Melfort,SK,Saskatchewan
Melville,SK,Saskatchewan
Mervin No. 499,SK,Saskatchewan
Moose Jaw,SK,Saskatchewan
Moose Jaw No. 161,SK,Saskatchewan
Moosomin,SK,Saskatchewan
Nipawin,SK,Saskatchewan
Nipawin No. 487,SK,Saskatchewan
North Battleford,SK,Saskatchewan
Orkney No. 244,SK,Saskatchewan
Osler,SK,Saskatchewan
Outlook,SK,Saskatchewan
Oxbow,SK,Saskatchewan
Pelican Narrows,SK,Saskatchewan
Pilot Butte,SK,Saskatchewan
Pinehouse,SK,Saskatchewan
Preeceville,SK,Saskatchewan
Prince Albert,SK,Saskatchewan
Prince Albert No. 461,SK,Saskatchewan
Rama,SK,Saskatchewan
Regina,SK,Saskatchewan
Regina Beach,SK,Saskatchewan
Rosetown,SK,Saskatchewan
Rosthern,SK,Saskatchewan
Rosthern No. 403,SK,Saskatchewan
Saskatoon,SK,Saskatchewan
Shaunavon,SK,Saskatchewan
Shellbrook,SK,Saskatchewan
Shellbrook No. 493,SK,Saskatchewan
South Qu'Appelle No. 157,SK,Saskatchewan
Spiritwood No. 496,SK,Saskatchewan
St. Louis No. 431,SK,Saskatchewan
Swift Current,SK,Saskatchewan
Swift Current No. 137,SK,Saskatchewan
Tisdale,SK,Saskatchewan
Torch River No. 488,SK,Saskatchewan
Unity,SK,Saskatchewan
Vanscoy No. 345,SK,Saskatchewan
Wadena,SK,Saskatchewan
Waldheim,SK,Saskatchewan
Warman,SK,Saskatchewan
Watrous,SK,Saskatchewan
Weyburn,SK,Saskatchewan
Weyburn No. 67,SK,Saskatchewan
White City,SK,Saskatchewan
Wilkie,SK,Saskatchewan
Wilton No. 472,SK,Saskatchewan
Wynyard,SK,Saskatchewan
Yorkton,SK,Saskatchewan
Dawson,YT,Yukon
Whitehorse,YT,Yukon
